date,Android Sentiment
29/10/16,0
19/9/16,0.4
1/9/16,0
9/2/16,1
5/2/16,0
29/6/16,0.5
24/4/16,1
16/3/16,0
16/3/16,0.1
5/10/16,0.4625
31/12/16,0.272272727
30/12/16,0.104166667
30/12/16,0.574107143
28/12/16,-0.073333333
28/12/16,0.266666667
28/12/16,0.666666667
28/12/16,0.325
27/12/16,0.307083333
27/12/16,0.75
27/12/16,0.625
26/12/16,0.193452381
26/12/16,0
25/12/16,0.585227273
24/12/16,-0.325
24/12/16,-0.125
24/12/16,0.46875
23/12/16,0
23/12/16,0.15
23/12/16,-0.479166667
23/12/16,0.5
23/12/16,0
22/12/16,0.375
22/12/16,0.4
22/12/16,0
22/12/16,0.9
21/12/16,0.208333333
21/12/16,0.275
21/12/16,0.2125
20/12/16,0.716666667
20/12/16,0.025
20/12/16,0.16
19/12/16,0.8
19/12/16,0.033333333
18/12/16,-0.25
18/12/16,0
17/12/16,-0.0625
17/12/16,0.75
17/12/16,0.225
16/12/16,-0.25
15/12/16,-0.138333333
15/12/16,0.5
15/12/16,-0.213611111
13/12/16,0.40625
13/12/16,0.15
13/12/16,0.8
13/12/16,0.025
13/12/16,-0.068181818
13/12/16,0.175
13/12/16,0
12/12/16,-0.125
12/12/16,-0.075
12/12/16,-0.379166667
12/12/16,0
12/12/16,-0.247619048
12/12/16,0.5
11/12/16,0
11/12/16,0.45
11/12/16,0.333333333
11/12/16,0.5
10/12/16,-0.0125
10/12/16,0
10/12/16,0.4
8/12/16,0.6
8/12/16,-1
7/12/16,0.5
6/12/16,0.253787879
4/12/16,-0.1
4/12/16,0.002777778
4/12/16,0.65
4/12/16,-0.25
4/12/16,-0.3125
4/12/16,0.233333333
4/12/16,-0.25
4/12/16,-0.095833333
4/12/16,0.003787879
4/12/16,0
4/12/16,-0.170909091
3/12/16,0.311607143
3/12/16,-0.65625
3/12/16,0.2
3/12/16,0.625
1/12/16,0.427083333
1/12/16,0.7125
30/11/16,0.28
30/11/16,0.2
30/11/16,0.6
30/11/16,0.099431818
30/11/16,-0.8
30/11/16,0.5
30/11/16,0.53125
29/11/16,-0.0625
29/11/16,-0.3
29/11/16,0.866666667
29/11/16,0
29/11/16,0
29/11/16,-0.85
29/11/16,0
29/11/16,0
28/11/16,0.35
28/11/16,-0.132575758
27/11/16,0.358333333
27/11/16,0.4
27/11/16,0.2
27/11/16,-0.08
27/11/16,0.05
27/11/16,-0.9
27/11/16,-0.021875
27/11/16,0.4
27/11/16,-0.25
27/11/16,0
27/11/16,1
27/11/16,-0.522222222
26/11/16,-0.25
24/11/16,-0.364583333
24/11/16,0.9
23/11/16,0.05
22/11/16,0.4
22/11/16,0.16
22/11/16,-0.431818182
22/11/16,-0.15
22/11/16,0.766666667
22/11/16,0
20/11/16,0.558333333
20/11/16,0.147916667
20/11/16,0.077272727
20/11/16,0.25
20/11/16,-0.42
19/11/16,0.293428571
19/11/16,0.333333333
19/11/16,-0.104166667
19/11/16,-0.125
18/11/16,0.9
18/11/16,0.354166667
18/11/16,0
17/11/16,0.4125
16/11/16,0.345454545
16/11/16,0.1875
16/11/16,0.06875
16/11/16,0.05
16/11/16,0.14375
15/11/16,0
15/11/16,0.306666667
13/11/16,0.05
13/11/16,0.0625
13/11/16,0.84
13/11/16,0.925
13/11/16,0.8875
13/11/16,-0.7
13/11/16,-0.086666667
12/11/16,0.85
11/11/16,0.295454545
11/11/16,0.41
11/11/16,0.009375
11/11/16,0.58
9/11/16,0.45
8/11/16,0.108333333
8/11/16,0
8/11/16,0.4875
8/11/16,1
5/11/16,1
3/11/16,0.01875
3/11/16,0.15
2/11/16,0.136363636
2/11/16,0.75
2/11/16,-0.3125
2/11/16,-0.013888889
2/11/16,0.5
1/11/16,0
1/11/16,0.2
1/11/16,-0.2625
30/10/16,0
30/10/16,-0.2625
30/10/16,0.375
30/10/16,0.4
29/10/16,-0.109375
29/10/16,0
29/10/16,0.170454545
28/10/16,0.170454545
28/10/16,-0.65
27/10/16,0
27/10/16,0.5
27/10/16,-0.2
26/10/16,0
24/10/16,0.53125
24/10/16,0.066666667
23/10/16,0.208333333
23/10/16,0
23/10/16,0.203571429
22/10/16,0
22/10/16,0.5
22/10/16,0.224431818
22/10/16,0.2
21/10/16,0.195
20/10/16,-0.25
20/10/16,0.65
18/10/16,-0.0625
17/10/16,0.184090909
17/10/16,0.207272727
17/10/16,0
17/10/16,0.266666667
17/10/16,-0.080357143
17/10/16,0
17/10/16,-0.5
17/10/16,-0.05
17/10/16,0.025
16/10/16,0.766666667
16/10/16,0.5
16/10/16,-0.091666667
16/10/16,-0.019360269
16/10/16,0.066666667
16/10/16,-0.166666667
16/10/16,-0.02
16/10/16,0
16/10/16,0.267857143
16/10/16,-0.537878788
16/10/16,-0.5
16/10/16,0.478787879
15/10/16,0
15/10/16,0.3125
15/10/16,-0.1
15/10/16,0.133333333
15/10/16,0.144444444
13/10/16,0.125
12/10/16,0
11/10/16,0.033333333
11/10/16,0
11/10/16,0.35
11/10/16,-0.3625
10/10/16,-0.155
10/10/16,0.033333333
10/10/16,0.429166667
9/10/16,0.152777778
9/10/16,-0.260416667
9/10/16,-0.1625
9/10/16,-0.2
9/10/16,0.4
9/10/16,0
9/10/16,0.333333333
9/10/16,1
8/10/16,-0.447222222
8/10/16,0.419642857
5/10/16,0
5/10/16,0.5
5/10/16,0.104166667
5/10/16,0.175
5/10/16,0
5/10/16,0
5/10/16,1
5/10/16,-0.1
5/10/16,0.75
5/10/16,-0.166666667
5/10/16,0
5/10/16,0
5/10/16,-1
5/10/16,0
5/10/16,0.15
5/10/16,0.5
5/10/16,0.8
5/10/16,0
5/10/16,1
5/10/16,0.5
5/10/16,0.74375
5/10/16,0.1975
4/10/16,-0.366666667
2/10/16,-0.125
2/10/16,0
2/10/16,0.2
2/10/16,0.066666667
1/10/16,0.5
1/10/16,-0.26
1/10/16,-0.255
1/10/16,-0.35
30/9/16,-0.2875
30/9/16,-0.39
30/9/16,-0.416666667
30/9/16,-0.491666667
30/9/16,-0.43
30/9/16,0
30/9/16,-0.033333333
28/9/16,0.625
27/9/16,0.1875
27/9/16,0.25
27/9/16,0.65
27/9/16,0.375
27/9/16,0.55
26/9/16,0.245833333
26/9/16,0.141666667
25/9/16,0
25/9/16,0
25/9/16,-0.1875
24/9/16,0.8
24/9/16,0.777777778
24/9/16,-0.3671875
22/9/16,0
22/9/16,0.5
22/9/16,0.7
22/9/16,0
20/9/16,0.068181818
19/9/16,0.066666667
19/9/16,0.3125
18/9/16,0
17/9/16,-0.16875
17/9/16,0.425
17/9/16,-0.85
17/9/16,-0.129166667
17/9/16,-0.4125
17/9/16,0
17/9/16,-0.1
17/9/16,0.5
16/9/16,0.066287879
16/9/16,0.4375
16/9/16,0
15/9/16,0.5
15/9/16,0
15/9/16,0.125
14/9/16,0.4
14/9/16,0
13/9/16,0.3
13/9/16,-0.104166667
12/9/16,0.5
12/9/16,0
11/9/16,0.008333333
10/9/16,0.166666667
10/9/16,-0.1875
10/9/16,-0.625
10/9/16,-0.166145833
10/9/16,1
10/9/16,0
10/9/16,0.9
10/9/16,-0.063888889
10/9/16,0
9/9/16,0.105
8/9/16,-0.1
8/9/16,0.125
8/9/16,0
8/9/16,0.3
8/9/16,0.65
7/9/16,-0.155555556
6/9/16,0.0725
6/9/16,-0.5
6/9/16,0.604563492
5/9/16,0
5/9/16,0.5
5/9/16,0.1
5/9/16,0
5/9/16,-0.05
4/9/16,0
4/9/16,-0.246666667
4/9/16,0
4/9/16,0.0575
4/9/16,0.030208333
4/9/16,0
4/9/16,-0.041666667
4/9/16,0.125
3/9/16,-0.151060606
3/9/16,0.360714286
2/9/16,0.6
2/9/16,0.243333333
2/9/16,-0.28125
1/9/16,0
1/9/16,0.6
1/9/16,0.5
31/8/16,0
30/8/16,0
30/8/16,0.16875
29/8/16,-0.875
29/8/16,-0.31
29/8/16,-0.272916667
29/8/16,0
29/8/16,0
29/8/16,0
29/8/16,0
29/8/16,0.1875
28/8/16,0.0725
28/8/16,0.133333333
28/8/16,0.433333333
27/8/16,-0.166666667
27/8/16,-0.3
27/8/16,0.270833333
26/8/16,0.222222222
26/8/16,0.055555556
26/8/16,-0.22
26/8/16,0.3125
26/8/16,0.25
26/8/16,0
26/8/16,0
26/8/16,0
26/8/16,0
25/8/16,-0.118518519
25/8/16,0.25875
25/8/16,0
23/8/16,0.111111111
23/8/16,-0.333333333
23/8/16,0.223214286
22/8/16,0.75
22/8/16,0.5
22/8/16,-0.117013889
22/8/16,-0.243990385
22/8/16,0
22/8/16,1
22/8/16,0
22/8/16,0
22/8/16,0.333333333
22/8/16,-0.224861111
22/8/16,-0.25
21/8/16,0.2
21/8/16,0.5875
21/8/16,0.325
20/8/16,0.5
20/8/16,0.5
20/8/16,0.045454545
18/8/16,0
18/8/16,0
15/8/16,-0.136904762
15/8/16,-0.05
14/8/16,0.015625
14/8/16,-0.5
14/8/16,-0.23125
14/8/16,-0.241666667
14/8/16,0.1
14/8/16,-0.325
14/8/16,-0.4
14/8/16,0
13/8/16,0.2
13/8/16,0.526704545
13/8/16,-0.303819444
13/8/16,0.25
13/8/16,0.15
13/8/16,0.7
13/8/16,-0.4875
12/8/16,-0.020833333
12/8/16,-0.321666667
12/8/16,-0.4
12/8/16,0
12/8/16,-0.333333333
12/8/16,0.75
12/8/16,-0.5
12/8/16,0
10/8/16,-0.030555556
10/8/16,0.00625
10/8/16,0
9/8/16,0.5375
9/8/16,0.4
9/8/16,-0.21875
9/8/16,0
9/8/16,0.533333333
8/8/16,0.278787879
7/8/16,-0.206666667
7/8/16,-0.0175
7/8/16,-0.182291667
7/8/16,0.1525
6/8/16,-0.006628788
6/8/16,-0.125
6/8/16,-0.21875
6/8/16,-0.6
5/8/16,0
3/8/16,-0.4375
3/8/16,0.408333333
3/8/16,0.65
2/8/16,-0.577777778
1/8/16,-0.486111111
1/8/16,-0.194444444
1/8/16,0.267857143
1/8/16,-0.083333333
1/8/16,-0.258333333
31/7/16,0.1
31/7/16,0.066666667
31/7/16,-1
31/7/16,-0.25
31/7/16,0
30/7/16,0
30/7/16,-0.0859375
30/7/16,0.220833333
30/7/16,-0.15625
30/7/16,-0.085416667
30/7/16,-0.1625
30/7/16,0.323148148
30/7/16,0
30/7/16,0.35
30/7/16,0
29/7/16,0.041666667
29/7/16,0.275
29/7/16,-0.316666667
29/7/16,-0.033333333
29/7/16,0.170454545
29/7/16,-0.09375
29/7/16,-0.37
29/7/16,-0.11
29/7/16,-0.140277778
29/7/16,-0.233333333
29/7/16,0.085416667
29/7/16,-0.335833333
28/7/16,0.613636364
28/7/16,0
28/7/16,0.7
27/7/16,-0.3125
27/7/16,-0.447115385
27/7/16,0.003125
27/7/16,-0.317222222
27/7/16,0.0875
27/7/16,0.3125
27/7/16,0.25
27/7/16,0.25
27/7/16,0.3
27/7/16,0.55
27/7/16,0.366666667
26/7/16,0
26/7/16,-0.675
26/7/16,-0.25
26/7/16,-0.1
26/7/16,0.275
26/7/16,-0.066666667
26/7/16,-0.5
25/7/16,0.520833333
25/7/16,-0.055555556
25/7/16,0.133333333
25/7/16,0
25/7/16,0.15
25/7/16,0
25/7/16,0.35
25/7/16,-0.2
25/7/16,-0.233333333
25/7/16,-0.584375
25/7/16,-0.454545455
24/7/16,0
24/7/16,0.636666667
24/7/16,-0.113333333
24/7/16,0.375
24/7/16,0
24/7/16,0.033333333
24/7/16,-0.018518519
24/7/16,0.40625
24/7/16,-0.2
24/7/16,-0.347159091
24/7/16,-0.458333333
24/7/16,0.333333333
24/7/16,-0.066666667
24/7/16,-0.3875
24/7/16,0.077083333
24/7/16,-0.225
23/7/16,0
23/7/16,0
23/7/16,1
23/7/16,-0.078125
23/7/16,-0.016666667
23/7/16,-0.364583333
23/7/16,0.1375
23/7/16,0
23/7/16,-0.233333333
23/7/16,-0.35
23/7/16,-0.45
23/7/16,0
23/7/16,0.525
23/7/16,0.105
23/7/16,0
22/7/16,0.15
22/7/16,0.725
22/7/16,0.375
22/7/16,0.5
21/7/16,0.208333333
21/7/16,0.228787879
21/7/16,0.6
21/7/16,0
21/7/16,0.6
21/7/16,0.075
21/7/16,0.533333333
20/7/16,1
20/7/16,0
20/7/16,0.343333333
20/7/16,0.466666667
19/7/16,0.125277778
19/7/16,0.4875
19/7/16,0.183333333
18/7/16,0.29
18/7/16,0.177083333
17/7/16,-0.25
17/7/16,0.107043651
17/7/16,0.25
17/7/16,-0.177083333
17/7/16,0.6
17/7/16,0
17/7/16,0.216666667
17/7/16,0.004166667
17/7/16,0.3125
17/7/16,-0.525
17/7/16,-0.2625
17/7/16,0.719047619
17/7/16,0.1
17/7/16,1
17/7/16,1
17/7/16,0.8
16/7/16,0.054232804
16/7/16,-0.258333333
16/7/16,-0.078125
16/7/16,-0.041666667
16/7/16,0.570833333
16/7/16,0.136363636
15/7/16,0.5
15/7/16,0.25
15/7/16,0.1625
14/7/16,0
14/7/16,-0.083333333
13/7/16,-0.24375
12/7/16,-0.191666667
12/7/16,-0.03125
12/7/16,-0.279166667
10/7/16,-0.225
10/7/16,-0.32
10/7/16,0
10/7/16,-0.1875
9/7/16,0.675
8/7/16,0
8/7/16,0
7/7/16,0.745833333
6/7/16,0.016666667
19/1/17,0.65
6/7/16,-0.1875
29/6/16,1
6/7/16,0.8
6/7/16,-0.3
6/7/16,0.325
6/7/16,-0.3125
6/7/16,-0.39
6/7/16,-0.092
6/7/16,-0.204166667
6/7/16,0
6/7/16,0.4
5/7/16,0.65
5/7/16,0
4/7/16,0.428571429
4/7/16,0
4/7/16,-0.133333333
4/7/16,-0.265
4/7/16,-0.078125
4/7/16,0.568181818
4/7/16,0.633333333
4/7/16,0.266666667
4/7/16,0.158035714
4/7/16,0.3125
4/7/16,-0.14375
4/7/16,-0.316666667
3/7/16,-0.125
3/7/16,-0.166666667
3/7/16,0.1
3/7/16,0
3/7/16,0.25
3/7/16,-0.208333333
3/7/16,0
3/7/16,0.291666667
2/7/16,0
2/7/16,-0.672916667
2/7/16,0.175
2/7/16,-0.339285714
2/7/16,0.75
30/6/16,4.16E-17
30/6/16,0.389880952
30/6/16,-0.1
29/6/16,0.5
29/6/16,-0.15
29/6/16,0.6875
29/6/16,0.35
28/6/16,-0.204761905
28/6/16,0
28/6/16,0
28/6/16,0.4
28/6/16,0.457142857
28/6/16,0
27/6/16,-0.3
27/6/16,-0.1
27/6/16,0.066666667
27/6/16,-0.051851852
27/6/16,0.535227273
27/6/16,-0.5
26/6/16,0.1125
26/6/16,0.195
26/6/16,-0.066666667
26/6/16,-0.059895833
26/6/16,-0.133333333
26/6/16,0.04
26/6/16,0.0390625
26/6/16,-0.35
26/6/16,-0.25
26/6/16,0.041666667
26/6/16,0.712121212
25/6/16,0.0625
24/6/16,0
24/6/16,0.125
24/6/16,0.433333333
24/6/16,0.371875
24/6/16,-0.25
24/6/16,0.528571429
24/6/16,0.033333333
24/6/16,0.7
24/6/16,0.433333333
23/6/16,0
23/6/16,0
23/6/16,0.2
23/6/16,0.361904762
23/6/16,0.9
23/6/16,1
22/6/16,0.85
22/6/16,0
21/6/16,0.05
21/6/16,-0.156477273
20/6/16,0
20/6/16,0.5175
19/6/16,0
18/6/16,0.25
17/6/16,0.8125
17/6/16,0.08625
17/6/16,0.525
17/6/16,0.05
16/6/16,-0.375
15/6/16,0
15/6/16,-0.4
15/6/16,0.130079365
15/6/16,0.285714286
14/6/16,0.3125
14/6/16,0.061269841
13/6/16,0.35
13/6/16,-0.053409091
13/6/16,-0.182291667
12/6/16,-0.381944444
12/6/16,0.15
12/6/16,0.066666667
12/6/16,-0.1
11/6/16,0.25
11/6/16,0.125
11/6/16,-0.4
10/6/16,0
10/6/16,0.775
10/6/16,0.6
10/6/16,0
10/6/16,-0.266666667
10/6/16,0.2
9/6/16,-0.0625
9/6/16,0.343333333
9/6/16,1
9/6/16,0.233333333
9/6/16,0
9/6/16,0.6
9/6/16,0.333333333
9/6/16,0
9/6/16,0.2
8/6/16,0
8/6/16,0.15625
8/6/16,0.625
8/6/16,1
8/6/16,0.25
8/6/16,-0.4375
8/6/16,0.35
8/6/16,0.766666667
8/6/16,0.392857143
8/6/16,0
8/6/16,0.55
7/6/16,0.5
7/6/16,-0.2
7/6/16,-0.38
6/6/16,-0.184659091
6/6/16,-0.275
6/6/16,-0.237222222
6/6/16,0.358333333
6/6/16,0.25
5/6/16,-0.69
5/6/16,-0.1984375
5/6/16,0.125
4/6/16,0.8
4/6/16,-1
4/6/16,0.036458333
4/6/16,0.3625
4/6/16,0
4/6/16,0
4/6/16,0.516666667
3/6/16,-0.1875
3/6/16,-0.2875
3/6/16,0.188690476
3/6/16,-0.5
3/6/16,0
3/6/16,0.476785714
3/6/16,0.46875
3/6/16,-0.4
3/6/16,0.303125
2/6/16,0.214285714
2/6/16,-0.2
2/6/16,0.610351563
2/6/16,0.8
2/6/16,-0.4375
2/6/16,-0.441666667
2/6/16,-0.197916667
2/6/16,0.115
2/6/16,0.125
2/6/16,0.375
2/6/16,0.010416667
2/6/16,0.2
2/6/16,-0.122916667
2/6/16,-0.297321429
2/6/16,-0.258333333
2/6/16,0
2/6/16,0.5
1/6/16,-0.208333333
1/6/16,-0.4375
31/5/16,0.725
31/5/16,0
31/5/16,0.086111111
31/5/16,0.609090909
30/5/16,0.216666667
30/5/16,-0.325
30/5/16,1
30/5/16,0.166666667
30/5/16,0.9
30/5/16,0
30/5/16,0.25
30/5/16,0.435416667
30/5/16,1
30/5/16,0.5
30/5/16,0.5
30/5/16,0
30/5/16,-0.075
29/5/16,0.32952381
29/5/16,0.7
29/5/16,0.75
28/5/16,0.35
28/5/16,0.158333333
27/5/16,0.285714286
27/5/16,0.533333333
26/5/16,-0.1625
25/5/16,0.197272727
25/5/16,0.374761905
25/5/16,0.036458333
25/5/16,0.277777778
25/5/16,0.4375
25/5/16,0.2
25/5/16,0.9375
25/5/16,0
25/5/16,0
25/5/16,0
25/5/16,1
25/5/16,0.25
25/5/16,0.421590909
24/5/16,-0.098469388
24/5/16,0.233333333
24/5/16,-0.35
24/5/16,0.01875
24/5/16,0.75
23/5/16,0.5
23/5/16,0.309166667
22/5/16,-0.077380952
22/5/16,-0.1875
22/5/16,-0.375
22/5/16,-0.3125
22/5/16,0.392857143
21/5/16,-0.316666667
21/5/16,0.2
21/5/16,-0.0375
21/5/16,0.5
21/5/16,-0.138541667
21/5/16,0.05
21/5/16,0.300757576
20/5/16,0.728333333
20/5/16,1
20/5/16,0.3125
20/5/16,0.166666667
20/5/16,0.04375
20/5/16,0.239583333
20/5/16,-0.303333333
19/5/16,-0.093650794
19/5/16,0.066666667
19/5/16,0
18/5/16,-0.1425
18/5/16,0.291666667
18/5/16,0
18/5/16,0.175
18/5/16,0.55625
18/5/16,0.35625
18/5/16,-0.3
18/5/16,-0.475
18/5/16,-0.2
18/5/16,0
18/5/16,0.975
18/5/16,0.5
18/5/16,1
18/5/16,0
18/5/16,0.6
18/5/16,0.547916667
18/5/16,0
18/5/16,1
18/5/16,0.8
18/5/16,0.625
18/5/16,0.05
18/5/16,0.59375
18/5/16,0.4125
18/5/16,0.278571429
18/5/16,0.8125
18/5/16,1
18/5/16,0.3
18/5/16,1
18/5/16,0.35
18/5/16,0.625
18/5/16,0.25
18/5/16,0.75
18/5/16,0.78125
18/5/16,0.6
18/5/16,0.2
18/5/16,0.113636364
18/5/16,-0.486111111
18/5/16,0.06640625
18/5/16,0.4
18/5/16,0
17/5/16,0.420454545
17/5/16,0.083333333
17/5/16,0.333333333
17/5/16,-0.15
17/5/16,0
17/5/16,-0.4375
17/5/16,-0.1
17/5/16,0.5
17/5/16,0
17/5/16,-0.215909091
17/5/16,0.05
17/5/16,0
17/5/16,-0.0625
17/5/16,0.1125
17/5/16,-0.3
16/5/16,0
16/5/16,0.1125
16/5/16,-0.455
16/5/16,0
15/5/16,-0.15
15/5/16,0.2125
15/5/16,0.032
15/5/16,-0.0875
15/5/16,0.1625
15/5/16,0
15/5/16,0
15/5/16,0
15/5/16,0
15/5/16,0
15/5/16,0.875
15/5/16,0.45625
15/5/16,0.8
14/5/16,-0.195238095
14/5/16,-0.3
13/5/16,0.511666667
11/5/16,0.125
11/5/16,-0.097916667
11/5/16,-0.193333333
10/5/16,0
10/5/16,-0.333333333
10/5/16,0.008333333
10/5/16,0.775
10/5/16,1
10/5/16,1
10/5/16,0
9/5/16,-0.333333333
9/5/16,-0.2
9/5/16,0.4375
9/5/16,0.5
9/5/16,0.45
9/5/16,0.175
9/5/16,0
9/5/16,-0.433333333
9/5/16,0
9/5/16,0
9/5/16,0.04375
9/5/16,0.5
8/5/16,0.733333333
8/5/16,0.5
8/5/16,0.5
8/5/16,0.25
7/5/16,-0.625
7/5/16,1
7/5/16,0
6/5/16,-0.33125
6/5/16,-0.080357143
6/5/16,0.45625
6/5/16,0.6875
6/5/16,0.6875
6/5/16,0
4/5/16,0.5
4/5/16,0.7
4/5/16,0.5
4/5/16,0
4/5/16,0.325
4/5/16,0
3/5/16,0.580357143
3/5/16,0.525
3/5/16,-0.205
2/5/16,0.278125
2/5/16,0.227777778
2/5/16,-0.1
2/5/16,0.5
1/5/16,1
30/4/16,0.8
30/4/16,0.05
30/4/16,0
30/4/16,0.520833333
30/4/16,0.8
29/4/16,0.297916667
29/4/16,0.3
29/4/16,-0.214583333
28/4/16,-5.55E-17
28/4/16,0.4
28/4/16,-0.2
28/4/16,0.5
28/4/16,0.30375
28/4/16,0.441666667
28/4/16,0.411111111
28/4/16,0.448106061
26/4/16,-0.003125
25/4/16,-0.035
25/4/16,0.125
25/4/16,-0.293571429
25/4/16,0.125
25/4/16,-0.093981481
24/4/16,0.3
24/4/16,0
24/4/16,0.46875
24/4/16,0.574107143
24/4/16,0.233333333
24/4/16,0.4
24/4/16,0.775
23/4/16,0.0625
21/4/16,0
21/4/16,0
21/4/16,0.21875
11/4/16,0.5
20/4/16,0.041666667
20/4/16,0.425
20/4/16,0.170454545
20/4/16,-0.286111111
20/4/16,0.644140625
19/4/16,1
19/4/16,0.170454545
19/4/16,0.390151515
19/4/16,0.5
18/4/16,-0.15
18/4/16,0.4
18/4/16,0
17/4/16,0.625
17/4/16,0.125
17/4/16,0
17/4/16,0.5
17/4/16,0.291666667
16/4/16,0.625
16/4/16,0.418181818
16/4/16,0.35
16/4/16,0.136363636
16/4/16,0
16/4/16,0.25
16/4/16,0.483333333
16/4/16,0.208333333
16/4/16,0.485227273
14/4/16,0
14/4/16,0.4
14/4/16,1
13/4/16,0.9
11/4/16,0.6
11/4/16,0.375
11/4/16,0.5
11/4/16,0.3
11/4/16,0
11/4/16,0.1125
10/4/16,-0.0375
10/4/16,0.25
10/4/16,0.095454545
10/4/16,0
10/4/16,0
10/4/16,0.5
10/4/16,0.052777778
10/4/16,0.6
10/4/16,-0.16875
10/4/16,0.318181818
10/4/16,0
10/4/16,0.1
10/4/16,0
10/4/16,-0.8125
9/4/16,0.1875
9/4/16,0.556463068
9/4/16,0
9/4/16,0.4
9/4/16,0
9/4/16,1
9/4/16,0
9/4/16,0.75
9/4/16,0.125
9/4/16,0.183928571
9/4/16,0.375
9/4/16,0.3125
8/4/16,0
8/4/16,0.8
8/4/16,0.775
8/4/16,0.474810606
8/4/16,0.25
8/4/16,-0.15625
8/4/16,0.6953125
8/4/16,0
8/4/16,-0.381818182
5/4/16,0
5/4/16,1
5/4/16,0
5/4/16,0.375
4/4/16,0.633333333
3/4/16,0.15
3/4/16,0
3/4/16,0.214285714
3/4/16,0
3/4/16,0.5
3/4/16,0
2/4/16,0.241666667
2/4/16,0.333333333
2/4/16,0
2/4/16,-0.425
1/4/16,0.625
1/4/16,-0.46875
31/3/16,0
31/3/16,0.7
29/3/16,0
29/3/16,0.185416667
29/3/16,0.068181818
29/3/16,0.333333333
29/3/16,-0.108333333
29/3/16,0.313412698
29/3/16,-0.625
29/3/16,-0.058333333
28/3/16,0
28/3/16,0
28/3/16,0
28/3/16,0.3
28/3/16,0.4375
28/3/16,-0.1
28/3/16,0
28/3/16,0.85
28/3/16,0
28/3/16,-0.1025
27/3/16,-0.088888889
27/3/16,0.653333333
27/3/16,-0.15
27/3/16,0.9
27/3/16,-0.333333333
27/3/16,0.175
27/3/16,0.5
26/3/16,-0.1171875
26/3/16,0.241666667
26/3/16,0.016666667
26/3/16,0.413888889
26/3/16,0
26/3/16,0
26/3/16,0.112037037
26/3/16,0.25
26/3/16,0.291666667
26/3/16,-0.75
26/3/16,-0.5
26/3/16,0.391666667
26/3/16,-0.097222222
25/3/16,0.133333333
24/3/16,-0.1
24/3/16,0
24/3/16,0.089285714
24/3/16,0
24/3/16,-0.625
24/3/16,0.640625
24/3/16,-0.2
24/3/16,0.266666667
24/3/16,-0.35
24/3/16,0.25
24/3/16,0
24/3/16,0.065178571
24/3/16,0.045535714
24/3/16,0.0909375
24/3/16,-0.01875
24/3/16,0
24/3/16,0
24/3/16,0
24/3/16,0.3
24/3/16,0.5
24/3/16,0
24/3/16,0.5
23/3/16,1
23/3/16,0.5
23/3/16,0.208333333
23/3/16,0.153125
23/3/16,0
23/3/16,0.575
23/3/16,0.5
23/3/16,-0.4046875
23/3/16,-0.125
22/3/16,-0.1875
22/3/16,1
22/3/16,-0.402777778
22/3/16,0
21/3/16,-0.625
20/3/16,0.05
20/3/16,0
20/3/16,0
20/3/16,-0.233
20/3/16,0.078125
20/3/16,-0.390277778
20/3/16,0.5
20/3/16,0.4
20/3/16,0.444444444
20/3/16,0.375
19/3/16,0.5625
19/3/16,-0.154166667
19/3/16,-0.091666667
19/3/16,0.125
19/3/16,0
19/3/16,0.05
19/3/16,-0.453571429
19/3/16,0.275
19/3/16,0.283333333
19/3/16,0.433333333
19/3/16,0
19/3/16,0.166666667
19/3/16,0
18/3/16,0.073148148
18/3/16,0.5
18/3/16,-0.375
18/3/16,-0.3
18/3/16,0
18/3/16,0.3125
17/3/16,1
17/3/16,0.625
17/3/16,3.70E-17
17/3/16,0.133333333
17/3/16,0.15952381
17/3/16,-0.433333333
17/3/16,0.325
17/3/16,-0.12
17/3/16,-0.375
16/3/16,0.125
16/3/16,0.125
16/3/16,0.7125
16/3/16,0
16/3/16,0.402083333
16/3/16,0.5
16/3/16,0.5
16/3/16,0.0625
16/3/16,0
16/3/16,0.0375
16/3/16,-0.3
15/3/16,0
15/3/16,-0.16875
15/3/16,0
15/3/16,0.2
15/3/16,0
15/3/16,0.4
15/3/16,-0.133333333
15/3/16,-0.2
15/3/16,0
15/3/16,0.4875
15/3/16,0.041666667
15/3/16,0.157407407
15/3/16,0.183333333
15/3/16,-0.051851852
15/3/16,0
15/3/16,-0.1
15/3/16,-0.075
15/3/16,-0.15
15/3/16,0.2
15/3/16,0.15625
15/3/16,0
15/3/16,-0.2875
13/3/16,-0.9375
13/3/16,0
13/3/16,-0.15
13/3/16,-0.125
13/3/16,-0.333333333
12/3/16,-0.022222222
12/3/16,0
12/3/16,1
12/3/16,0
12/3/16,0.341666667
12/3/16,0.78125
12/3/16,0.875
12/3/16,0.148611111
11/3/16,0.6
11/3/16,0.5
11/3/16,1
10/3/16,-0.3
8/3/16,0.064583333
8/3/16,0
8/3/16,-0.15
8/3/16,-0.625
8/3/16,0.107142857
8/3/16,0
8/3/16,0.583333333
8/3/16,1
7/3/16,0
7/3/16,0.266666667
7/3/16,-0.375
7/3/16,0.1875
7/3/16,0.775
7/3/16,-0.3
7/3/16,-0.5
7/3/16,-0.48125
7/3/16,-0.75
7/3/16,0
7/3/16,0.357142857
6/3/16,0
6/3/16,0.55
6/3/16,1
6/3/16,0.5
6/3/16,0.333333333
5/3/16,0.45
5/3/16,0.05
5/3/16,0
5/3/16,0.383333333
5/3/16,0.080208333
4/3/16,0.137388393
4/3/16,0.25
3/3/16,0
3/3/16,0.358333333
3/3/16,0.1
3/3/16,0.555555556
3/3/16,0
3/3/16,0.333333333
3/3/16,-0.1
3/3/16,0.047222222
3/3/16,-0.125
3/3/16,0
3/3/16,-0.46875
3/3/16,0.114285714
3/3/16,0
3/3/16,-0.146212121
2/3/16,0.4375
2/3/16,0.068181818
2/3/16,0
2/3/16,-0.1875
2/3/16,0
2/3/16,0.357142857
2/3/16,0.4
2/3/16,0.1
2/3/16,0
2/3/16,-0.666666667
2/3/16,0.379166667
1/3/16,0.75
29/2/16,0.65
28/2/16,0.4
28/2/16,-0.18
28/2/16,-0.4375
28/2/16,0.1125
28/2/16,0.129464286
28/2/16,0.390625
28/2/16,0.092261905
28/2/16,0.07
28/2/16,0
28/2/16,-0.096875
28/2/16,0.5
28/2/16,0.318181818
28/2/16,0.5
28/2/16,0.0375
28/2/16,0
28/2/16,0
28/2/16,0.075
27/2/16,-0.071428571
27/2/16,-0.027777778
27/2/16,0.50125
27/2/16,0.333333333
27/2/16,0.471666667
27/2/16,0.446428571
27/2/16,0
27/2/16,-0.06547619
27/2/16,0.03125
27/2/16,0
27/2/16,0.125
27/2/16,0.9
27/2/16,-0.234375
26/2/16,0.065
26/2/16,0
26/2/16,0.166666667
26/2/16,0.05
26/2/16,0
26/2/16,1
26/2/16,-0.42
26/2/16,-0.188888889
26/2/16,0.5
26/2/16,0.25
26/2/16,0
26/2/16,0.1
26/2/16,0.05
25/2/16,-1
25/2/16,-1
25/2/16,-0.35
25/2/16,0
25/2/16,-0.319444444
25/2/16,0.7125
25/2/16,0.53125
25/2/16,0.446428571
25/2/16,-0.194444444
25/2/16,0
25/2/16,-0.25
25/2/16,-0.625
25/2/16,0.335185185
24/2/16,0.3625
24/2/16,0
24/2/16,-0.15
24/2/16,0.4
24/2/16,-0.194444444
24/2/16,0.2125
24/2/16,0
24/2/16,-0.296130952
24/2/16,0.441269841
24/2/16,0.5
24/2/16,-0.158333333
24/2/16,0.5
24/2/16,0.5
23/2/16,0.5375
23/2/16,0.55
23/2/16,0.25
23/2/16,0.142857143
23/2/16,0.003703704
23/2/16,-0.15
23/2/16,0.18125
23/2/16,0.25
23/2/16,-0.196428571
23/2/16,0.2125
23/2/16,-0.392777778
23/2/16,0.142857143
23/2/16,-0.3
23/2/16,0.8
23/2/16,-0.665
23/2/16,0.5
22/2/16,-0.05625
22/2/16,-0.12
22/2/16,-0.75
22/2/16,-0.297222222
22/2/16,-0.17
22/2/16,0.4
22/2/16,-0.253125
22/2/16,0.125
22/2/16,0.1
22/2/16,0.14375
22/2/16,0
22/2/16,0.133333333
22/2/16,0
22/2/16,0.62
22/2/16,0
22/2/16,0.616666667
21/2/16,0
21/2/16,0
21/2/16,0
21/2/16,0.232954545
21/2/16,0.533333333
21/2/16,0.9
21/2/16,0.601785714
21/2/16,0.6
20/2/16,0.466666667
20/2/16,0.5
20/2/16,-0.49375
20/2/16,-0.8125
20/2/16,0
20/2/16,0.0859375
20/2/16,0.0625
20/2/16,0
20/2/16,0
20/2/16,0.1
20/2/16,0
20/2/16,-0.322916667
20/2/16,0
20/2/16,0
20/2/16,0.4375
20/2/16,0
20/2/16,0
19/2/16,1
19/2/16,0.215625
19/2/16,0
19/2/16,0.75
18/2/16,0
18/2/16,0.0375
18/2/16,-0.184659091
18/2/16,0.375
18/2/16,0
18/2/16,0.187272727
17/2/16,-0.191666667
17/2/16,-0.25
17/2/16,0
17/2/16,-0.316666667
17/2/16,-0.0875
17/2/16,0.5
17/2/16,0.6
17/2/16,0.15
17/2/16,0.25
17/2/16,0.4390625
16/2/16,0.24520202
16/2/16,0.26875
15/2/16,0.015
15/2/16,0.2
15/2/16,-0.2
15/2/16,-0.0625
14/2/16,-0.25
14/2/16,0.156534091
14/2/16,0.124107143
14/2/16,0.014285714
14/2/16,-0.3
14/2/16,0.05
14/2/16,-0.15625
13/2/16,0.05
13/2/16,0.38
13/2/16,0
13/2/16,0
13/2/16,0
13/2/16,0.5625
6/2/16,-0.091666667
13/2/16,0.011607143
13/2/16,0.5
13/2/16,0
13/2/16,-1
13/2/16,0
13/2/16,0.45
13/2/16,0.184090909
13/2/16,0.44
12/2/16,-0.4
12/2/16,0.225
12/2/16,0.266666667
12/2/16,0
12/2/16,0.208333333
11/2/16,0
11/2/16,0.08125
11/2/16,-0.375
11/2/16,1
11/2/16,-0.25
11/2/16,-0.2275
11/2/16,0.087272727
11/2/16,-0.246875
11/2/16,-0.05
11/2/16,-0.05
10/2/16,0.208333333
10/2/16,0.583333333
10/2/16,0.337272727
10/2/16,0.173232323
10/2/16,0.380681818
9/2/16,0.002840909
9/2/16,0.625
9/2/16,0.265
9/2/16,0.568181818
9/2/16,0.5
9/2/16,0.7125
9/2/16,0.475
9/2/16,-0.3
9/2/16,-0.0925
8/2/16,0.030431548
8/2/16,0.7
8/2/16,0.056666667
7/2/16,0.8
7/2/16,0.91
7/2/16,1
7/2/16,0.285714286
7/2/16,0
7/2/16,0.6
7/2/16,0.7
7/2/16,0.5
7/2/16,0.7
7/2/16,-0.155555556
7/2/16,0.35
7/2/16,0.084090909
7/2/16,-0.25
7/2/16,0
7/2/16,0
6/2/16,0.337121212
6/2/16,-0.1
6/2/16,0.4
6/2/16,0.25
6/2/16,0
6/2/16,0.078125
6/2/16,0
6/2/16,0
6/2/16,0.416666667
6/2/16,-0.15
5/2/16,0
5/2/16,0.8
5/2/16,1
4/2/16,0.370833333
3/2/16,0.5
3/2/16,0.136363636
3/2/16,0.216666667
3/2/16,-0.15
3/2/16,0.5
3/2/16,0
3/2/16,0.005
3/2/16,0.525
2/2/16,-0.09375
2/2/16,0.159090909
2/2/16,0.375
2/2/16,0.177916667
2/2/16,0.466666667
1/2/16,0.333333333
31/1/16,0.5
31/1/16,0.5
31/1/16,-0.2
31/1/16,-0.133333333
31/1/16,0.408333333
31/1/16,0.08
31/1/16,0.230769231
31/1/16,0
31/1/16,0.3
31/1/16,0
31/1/16,0.045
31/1/16,-0.5875
30/1/16,0.133333333
30/1/16,0.078125
30/1/16,0.15625
30/1/16,0.5
30/1/16,0.625
30/1/16,0.325
30/1/16,0.570833333
30/1/16,0.5
30/1/16,0.375
29/1/16,-0.140909091
29/1/16,0.177840909
29/1/16,0.583333333
28/1/16,-0.125
28/1/16,0
28/1/16,0
28/1/16,-1
28/1/16,-0.266666667
28/1/16,0.5
28/1/16,0.159375
28/1/16,0.05
28/1/16,0.568181818
28/1/16,0.5
28/1/16,0
28/1/16,-0.5
28/1/16,0.1
28/1/16,-0.3
28/1/16,1
28/1/16,0
28/1/16,0
28/1/16,0
28/1/16,0
28/1/16,0
27/1/16,0.5
27/1/16,0.1125
27/1/16,0.5
27/1/16,-0.225
26/1/16,0
26/1/16,0
26/1/16,0
26/1/16,-1
26/1/16,0.4
26/1/16,-0.5
26/1/16,0
26/1/16,-0.066666667
26/1/16,-0.52
26/1/16,0
26/1/16,0
26/1/16,0
26/1/16,0
26/1/16,1
26/1/16,0.125
25/1/16,0
25/1/16,0.383333333
25/1/16,0
25/1/16,0.6
25/1/16,0.357142857
25/1/16,-0.1
24/1/16,0
24/1/16,1
24/1/16,0.268716931
24/1/16,0.041666667
24/1/16,1
24/1/16,0.25
24/1/16,0.25
24/1/16,0.3
24/1/16,-0.155555556
24/1/16,0.6
24/1/16,0.5
24/1/16,0.675
23/1/16,0.8
23/1/16,0.117361111
23/1/16,-0.15625
23/1/16,0.708333333
23/1/16,-0.085185185
23/1/16,0
23/1/16,0.666666667
23/1/16,-0.4
22/1/16,0.087121212
22/1/16,0.556818182
22/1/16,0
22/1/16,-0.185416667
22/1/16,0
22/1/16,0
22/1/16,0
22/1/16,0.5
22/1/16,0
22/1/16,0
22/1/16,0.08
22/1/16,0
22/1/16,0
22/1/16,0
22/1/16,0
22/1/16,0.433333333
22/1/16,0
21/1/16,0.682142857
21/1/16,-0.20625
21/1/16,-0.071428571
21/1/16,-0.09375
21/1/16,-0.625
21/1/16,0
21/1/16,-0.078125
21/1/16,-0.45
21/1/16,0.11875
20/1/16,0.4
20/1/16,0.5375
19/1/16,0.086666667
19/1/16,0.013973064
19/1/16,0
19/1/16,-0.395833333
18/1/16,0.775
17/1/16,0.6
17/1/16,0.055793651
17/1/16,-0.3125
17/1/16,0.666666667
16/1/16,0.0625
16/1/16,0.1
16/1/16,0.1
16/1/16,0.170454545
16/1/16,-0.125
16/1/16,0.5
16/1/16,0.5
16/1/16,0.147321429
16/1/16,0
16/1/16,-0.24375
16/1/16,0.35
16/1/16,0.679166667
16/1/16,0.078787879
15/1/16,1
15/1/16,-0.25
15/1/16,0.25
14/1/16,0.25
14/1/16,0.225
14/1/16,-0.1953125
14/1/16,0.2
14/1/16,-0.194444444
14/1/16,-0.1
14/1/16,0
13/1/16,0
13/1/16,0
13/1/16,-0.166666667
13/1/16,0.223484848
13/1/16,-0.032727273
12/1/16,0.5
12/1/16,-1
12/1/16,0.166666667
12/1/16,0.5
12/1/16,0.03125
12/1/16,0.125
12/1/16,-0.153125
12/1/16,0.425
10/1/16,0.4375
10/1/16,0.716666667
10/1/16,0.475
10/1/16,0
9/1/16,-0.2
9/1/16,0.245
9/1/16,0.5
8/1/16,0.343333333
8/1/16,-0.1625
8/1/16,0.4390625
8/1/16,0.85
8/1/16,0
8/1/16,0.4
8/1/16,0.7
7/1/16,0.133928571
7/1/16,0.7375
7/1/16,0.388035714
7/1/16,0.05
7/1/16,-0.775
6/1/16,0.085227273
6/1/16,-0.004464286
6/1/16,0
6/1/16,0.525
6/1/16,0.25
6/1/16,1
6/1/16,0.8
6/1/16,0
6/1/16,0.65
6/1/16,1
6/1/16,0.8
5/1/16,1
5/1/16,0.933333333
5/1/16,0
5/1/16,0
5/1/16,0.266666667
5/1/16,0.4
5/1/16,0.666666667
5/1/16,0.291666667
5/1/16,0
5/1/16,0.2
5/1/16,0.566666667
4/1/16,0.15
4/1/16,0.55625
3/1/16,0
3/1/16,0.266666667
3/1/16,0.41
3/1/16,-0.7
3/1/16,-0.625
3/1/16,-0.207291667
3/1/16,0.229166667
3/1/16,0
3/1/16,0
3/1/16,0.8
3/1/16,0.15625
3/1/16,0.625
3/1/16,0
3/1/16,0.375
2/1/16,0.223214286
2/1/16,-0.133928571
2/1/16,0
2/1/16,-0.104166667
2/1/16,0
2/1/16,0.191964286
2/1/16,-0.25
2/1/16,0.6
1/1/16,0.008333333
1/1/16,0.416666667
1/1/16,0
1/1/16,0.1
1/1/16,1
1/1/16,0
1/1/16,0.5
1/1/16,0.373611111
1/1/16,0.8
1/1/16,0
1/1/16,0.435606061
25/3/17,0
25/3/17,1
8/3/17,0
7/3/17,0.09453125
7/3/17,-0.019360269
7/3/17,0
7/3/17,-0.46875
7/3/17,0.297272727
7/3/17,-1
5/3/17,0.033333333
5/3/17,0.075
4/3/17,-0.35
4/3/17,-0.348214286
4/3/17,0.5
4/3/17,0.03013468
4/3/17,0
4/3/17,-1
4/3/17,0.125
3/3/17,-0.325
3/3/17,-0.056818182
3/3/17,-0.208333333
3/3/17,0.5
3/3/17,0.2
3/3/17,0.19
2/3/17,0.2
1/3/17,0
28/2/17,0.5
26/2/17,0.066666667
26/2/17,-0.375
26/2/17,0.20625
26/2/17,0
25/2/17,0
25/2/17,0.5
25/2/17,0.25
25/2/17,0.114814815
25/2/17,0.775
25/2/17,-0.108333333
24/2/17,0
24/2/17,-1
24/2/17,-0.275
24/2/17,0
24/2/17,-0.1
22/2/17,0.41
22/2/17,0.55
21/2/17,-0.375
20/2/17,0.05
20/2/17,0.9
20/2/17,-0.196428571
19/2/17,0
18/2/17,0.125
18/2/17,-0.061666667
18/2/17,-0.0625
17/2/17,0.19
17/2/17,-0.25
17/2/17,0.15
17/2/17,0
17/2/17,0.066666667
16/2/17,-0.6625
16/2/17,0.19
16/2/17,0
16/2/17,-0.25
16/2/17,0.449090909
6/2/17,0.38125
15/2/17,-0.016666667
15/2/17,0.1
15/2/17,-0.433333333
15/2/17,-0.5
15/2/17,0
15/2/17,-0.15
14/2/17,0.066666667
12/2/17,-0.096875
12/2/17,0.047619048
12/2/17,0.1
12/2/17,-0.333333333
12/2/17,0
12/2/17,-0.5625
11/2/17,0.5
11/2/17,0.315
11/2/17,0.5
11/2/17,-0.194444444
11/2/17,0.558333333
11/2/17,-0.35
10/2/17,-0.28125
10/2/17,0.375
9/2/17,0
9/2/17,0.30952381
9/2/17,0.067361111
9/2/17,-0.005555556
9/2/17,0.0875
9/2/17,0.0625
8/2/17,0.14265873
8/2/17,-0.7
8/2/17,-0.2
8/2/17,0.175
7/2/17,0.255
7/2/17,-0.1
6/2/17,-0.3125
6/2/17,0.063095238
6/2/17,-0.35625
5/2/17,0.7
5/2/17,-0.47125
5/2/17,-0.4375
5/2/17,0.325
5/2/17,0.277777778
4/2/17,-0.333333333
4/2/17,-0.5025
4/2/17,-0.7
4/2/17,1
4/2/17,-0.28125
4/2/17,-0.208333333
4/2/17,0.327380952
4/2/17,0.0625
4/2/17,0
3/2/17,-1
3/2/17,0.065031265
3/2/17,0.55
3/2/17,0.35
3/2/17,0.225
3/2/17,0.75
3/2/17,-0.441145833
2/2/17,0.1
2/2/17,-1
2/2/17,0.866666667
2/2/17,0.170454545
2/2/17,0.3
2/2/17,-0.484375
2/2/17,0.234375
1/2/17,-0.7875
1/2/17,0.8
1/2/17,0.425
31/1/17,0.09765625
31/1/17,-0.625
31/1/17,0
30/1/17,0.136363636
30/1/17,-0.7875
30/1/17,0.3
30/1/17,0.1825
30/1/17,0
29/1/17,-0.5
29/1/17,-0.291666667
29/1/17,0.267857143
29/1/17,-0.227604167
29/1/17,-0.625
28/1/17,-0.171428571
28/1/17,-0.3
28/1/17,-0.21875
27/1/17,-0.169375
27/1/17,-0.04375
26/1/17,-0.1
26/1/17,0
26/1/17,-0.6875
26/1/17,0.5
26/1/17,0.25
25/1/17,0
25/1/17,0.079166667
25/1/17,-0.21875
25/1/17,0.114583333
25/1/17,-1
25/1/17,0.103571429
24/1/17,0.335227273
23/1/17,0.133333333
22/1/17,0.25
22/1/17,0.533333333
22/1/17,-0.7
22/1/17,0.63
21/1/17,0.44375
11/1/17,-0.166666667
20/1/17,0
19/1/17,0.5
19/1/17,0.206944444
19/1/17,-0.0625
18/1/17,0.35
18/1/17,-0.394791667
18/1/17,0.5
18/1/17,0.14
18/1/17,0
18/1/17,0.5
17/1/17,0.40625
17/1/17,-0.1875
17/1/17,0.1
17/1/17,0.045454545
17/1/17,-0.25
17/1/17,1
17/1/17,0.5
17/1/17,0.678571429
17/1/17,-0.4875
16/1/17,0.833333333
16/1/17,-0.2675
16/1/17,0.2
15/1/17,-0.494805195
15/1/17,0
15/1/17,-0.107142857
15/1/17,0.125
15/1/17,0.416666667
15/1/17,0.125
15/1/17,0.06875
15/1/17,0
14/1/17,0.125
14/1/17,-0.358333333
14/1/17,-0.25
13/1/17,0
13/1/17,-0.115
13/1/17,0
13/1/17,0.4375
13/1/17,-0.208333333
13/1/17,-0.366666667
13/1/17,0.75
12/1/17,-0.3125
12/1/17,0.65
12/1/17,-0.591666667
12/1/17,0.625
12/1/17,0.15
11/1/17,-0.166666667
11/1/17,0.095
11/1/17,0
11/1/17,-0.1425
9/1/17,0
9/1/17,0
9/1/17,-0.1175
9/1/17,-0.066666667
9/1/17,0.266666667
9/1/17,0.81875
9/1/17,-0.046527778
8/1/17,-0.128333333
8/1/17,-0.65
8/1/17,0.214285714
8/1/17,0.8875
8/1/17,0.420178571
7/1/17,0.281944444
7/1/17,0.75
7/1/17,0.2
7/1/17,0.0125
7/1/17,-0.1
7/1/17,0.219166667
7/1/17,0.270833333
6/1/17,0
6/1/17,0.15
6/1/17,0.6
6/1/17,-0.05
6/1/17,0
6/1/17,0.08
6/1/17,0.5
6/1/17,0
6/1/17,0
5/1/17,0.085227273
5/1/17,0.3
5/1/17,-0.266666667
5/1/17,0.051666667
5/1/17,-0.083333333
5/1/17,-0.4375
4/1/17,0.075
4/1/17,-0.17
4/1/17,-0.08
4/1/17,-0.0625
4/1/17,-1
4/1/17,0.257575758
4/1/17,-0.063333333
4/1/17,-0.2625
4/1/17,0.139583333
3/1/17,0.05
3/1/17,-0.2
3/1/17,0.275
3/1/17,-0.1
3/1/17,-0.5
3/1/17,-0.6
3/1/17,0.1125
2/1/17,0.25
2/1/17,0.125
2/1/17,0.483333333
2/1/17,-0.166666667
2/1/17,-0.2
2/1/17,0
2/1/17,0.568181818